path_id,stress_fraction,terminal_payoff,Unhedged short option,Constant-correlation hedge,Regime-switching hedge
0,0.16666666666666666,20.168315142718342,-11.771292757838959,0.9229637697261523,0.9189967922387723
1,0.25,4.915531267069838,3.4814911178095453,0.8528802280211281,0.29511708882272103
2,0.25,3.8025922999436688,4.5944300849357145,1.37026349297453,1.1283292385223262
3,0.25,0.0,8.397022384879383,-0.05325490104198085,-0.029787172207275194
4,0.16666666666666666,5.351693956491587,3.045328428387796,0.6958562527730692,0.5010945519074852
5,0.3333333333333333,0.0,8.397022384879383,-1.1659228773706296,-1.3129304667089412
6,0.4166666666666667,8.424416290990578,-0.027393906111194966,-0.48971681770473197,-0.7727424527330982
7,0.25,0.0,8.397022384879383,-0.7256527539526572,-0.8749295761018223
8,0.08333333333333333,0.0,8.397022384879383,1.4966683558620644,1.6017491407337578
9,0.25,20.983362863037115,-12.586340478157732,-4.7737803582528215,-4.873843995983989
10,0.25,0.0,8.397022384879383,-1.4500351961515405,-1.2421795485765852
11,0.08333333333333333,0.0,8.397022384879383,0.18038611584811634,-0.02966067255250994
12,0.4166666666666667,6.894572560955879,1.502449823923504,3.661246320726036,3.6298911944713694
13,0.08333333333333333,5.186870936590026,3.2101514482893574,2.350134465192454,2.050769161519355
14,0.16666666666666666,27.851102788973265,-19.45408040409388,1.8899416509421911,1.9018834716917041
15,0.3333333333333333,0.0,8.397022384879383,-0.06000133169154896,-0.32911253109975486
16,0.08333333333333333,6.257292994390369,2.1397293904890144,0.05049328252943752,0.22302451810428892
17,0.3333333333333333,11.475848557440202,-3.0788261725608184,-0.983753957856834,-0.9261490943298867
18,0.4166666666666667,53.21481779652905,-44.81779541164966,-0.23619495477190355,-0.07142832915172903
19,0.08333333333333333,0.31719002326701684,8.079832361612366,2.1591734041436155,2.0232334989604723
20,0.16666666666666666,20.83709709157452,-12.440074706695137,0.2679452301602936,-0.1321696964714505
21,0.25,39.33725863531353,-30.940236250434147,-0.3833197630412002,-0.34328798324082754
22,0.5,0.0,8.397022384879383,2.2806540475807573,2.0724544681805757
23,0.16666666666666666,0.0,8.397022384879383,2.019571916950902,1.7393852828980356
24,0.3333333333333333,0.0,8.397022384879383,1.2876051166599147,1.1199864475655374
25,0.25,0.0,8.397022384879383,-0.49133491771015336,-0.2645431332009549
26,0.3333333333333333,0.0,8.397022384879383,-0.2535331935927378,-0.3850686882431447
27,0.16666666666666666,0.0,8.397022384879383,0.34376431405199276,0.4798750191527637
28,0.08333333333333333,0.0,8.397022384879383,1.3377764549426203,0.9699482472645826
29,0.3333333333333333,3.4563942021050735,4.94062818277431,2.920071654229261,2.8113250864118697
30,0.16666666666666666,8.277377797545128,0.11964458733425509,-0.5340650857921503,-0.4266528126793787
31,0.3333333333333333,9.731182958241533,-1.3341605733621495,0.5795581188385341,0.514405527027165
32,0.08333333333333333,0.0,8.397022384879383,1.513006973539233,1.4618020139669303
33,0.0,0.0,8.397022384879383,1.4527014654698704,1.4314482601029574
34,0.16666666666666666,11.282808914982155,-2.885786530102772,0.17008354119518287,0.286030158417546
35,0.5,0.0,8.397022384879383,-1.9619849706083468,-1.883283456946213
36,0.16666666666666666,0.0,8.397022384879383,-2.106882293609519,-2.2389224763918407
37,0.08333333333333333,11.880226393953194,-3.483204009073811,-2.780834586154313,-2.5875406247789243
38,0.25,0.0,8.397022384879383,-0.9883779521183316,-1.2789032854419227
39,0.3333333333333333,0.0,8.397022384879383,-3.4123763826536266,-3.3910508206449093
40,0.3333333333333333,14.310632717511467,-5.913610332632084,0.6268435147464828,0.967004711151219
41,0.25,0.0,8.397022384879383,0.7982921332647032,0.8744114530631789
42,0.3333333333333333,0.0,8.397022384879383,-0.757270348680315,-0.9208556071358807
43,0.25,0.0,8.397022384879383,-0.9948086009789345,-0.7057987182245667
44,0.3333333333333333,0.0,8.397022384879383,1.8883550489148455,1.765788889271549
45,0.08333333333333333,3.4527493100659967,4.9442730748133865,-0.04648540057678474,-0.09962739230887507
46,0.08333333333333333,0.0,8.397022384879383,-1.772874234984521,-2.0839541678650284
47,0.3333333333333333,0.0,8.397022384879383,-0.29375576535047776,-0.38191725209793126
48,0.0,15.09210663445478,-6.695084249575396,-0.559141992212929,-0.6344516144284142
49,0.16666666666666666,0.0,8.397022384879383,2.6881544885074886,2.552184071103273
50,0.08333333333333333,0.0,8.397022384879383,-0.17081102628123507,-0.46397899540484117
51,0.3333333333333333,0.0,8.397022384879383,2.0679852557218172,1.6618952189164702
52,0.08333333333333333,0.0,8.397022384879383,-0.41587766068185683,-0.4806514811933833
53,0.16666666666666666,0.0,8.397022384879383,0.05068082983691369,-0.20422007067843495
54,0.25,0.0,8.397022384879383,1.4202770433413079,1.5967756246678064
55,0.4166666666666667,6.481582320238729,1.915440064640654,-0.8772197659890253,-0.9199331628879861
56,0.25,0.0,8.397022384879383,-1.4675553351906079,-1.549056230400359
57,0.0,0.0,8.397022384879383,-0.6874396148150576,-0.43317334506090127
58,0.16666666666666666,18.70951863228791,-10.312496247408527,0.2236409593409121,0.35989813193845066
59,0.3333333333333333,0.0,8.397022384879383,-0.6972131078100237,-0.769314723134408
60,0.08333333333333333,0.0,8.397022384879383,1.137937747975652,0.8383691277105463
61,0.25,0.0,8.397022384879383,0.7065853836165771,0.7419289850942988
62,0.3333333333333333,0.6632199658924094,7.733802418986974,3.1094401905535065,2.787579001981676
63,0.16666666666666666,0.0,8.397022384879383,-2.1034003609693634,-2.073809927531531
64,0.16666666666666666,0.0,8.397022384879383,1.8301351157694796,1.9298213127413533
65,0.0,0.0,8.397022384879383,1.7388237592652918,1.4661771040920413
66,0.3333333333333333,11.177374411075846,-2.7803520261964625,0.7214252660275662,0.8274598807798554
67,0.16666666666666666,0.0,8.397022384879383,-0.2536674850298031,-0.17215768054524463
68,0.25,1.8769079951803747,6.520114389699009,3.5758585666020934,3.363873844504596
69,0.25,0.0,8.397022384879383,-1.111349745626987,-0.6490207705644186
70,0.16666666666666666,7.650680585807777,0.7463417990716064,-1.0943339380439596,-1.2455384946600958
71,0.25,8.449601421600406,-0.052579036721022376,-4.82212168714122,-5.012633599352753
72,0.08333333333333333,0.0,8.397022384879383,0.8149479511591418,0.7460537777280212
73,0.25,4.284339282651061,4.112683102228322,3.6391743965595253,3.5788663212062204
74,0.16666666666666666,40.76550521668412,-32.368482831804734,-0.0006118127882643876,0.22937819774654145
75,0.25,7.367996712097394,1.029025672781989,-0.059017672685129696,-0.1101185035980734
76,0.16666666666666666,4.712694102067104,3.684328282812279,1.6525872924805611,1.3708413074019035
77,0.08333333333333333,3.8809833161775202,4.516039068701863,3.008747587979826,2.803223059170463
78,0.08333333333333333,9.276702660012717,-0.8796802751333335,-1.7331479045249338,-2.0306917154759034
79,0.25,3.9730838407935067,4.4239385440858765,2.6680137011398983,2.5035659798014223
80,0.4166666666666667,16.424403356373674,-8.02738097149429,-0.740561907114909,-1.1230571890400824
81,0.08333333333333333,0.4867554284785456,7.910266956400838,3.4050545769125904,3.167324698574788
82,0.16666666666666666,2.0035347354398994,6.393487649439484,0.2619240751345444,0.4711269931175366
83,0.08333333333333333,0.0,8.397022384879383,0.9003530690772642,1.158878725865679
84,0.08333333333333333,0.0,8.397022384879383,0.790269876686363,1.0110535356583634
85,0.16666666666666666,0.0,8.397022384879383,-0.8591402160044141,-0.8732555913538008
86,0.08333333333333333,10.44624060652626,-2.0492182216468766,-0.9207769573742439,-1.249433535799227
87,0.08333333333333333,0.0,8.397022384879383,-1.7796715891410457,-1.9045813273212744
88,0.16666666666666666,2.3039234600759784,6.093098924803405,1.448810167406826,0.7438463872371628
89,0.25,0.0,8.397022384879383,-2.6317831180992926,-3.0626032926129514
90,0.0,14.092348065452782,-5.695325680573399,1.1150773484464338,1.4118004301743383
91,0.16666666666666666,21.319079590316733,-12.92205720543735,-1.192138168780943,-1.3561326197422687
92,0.0,21.47210253714995,-13.075080152270568,0.4296160249843126,-0.01072622297938608
93,0.08333333333333333,5.586070898512176,2.810951486367207,0.34285674877844485,0.23980443221167036
94,0.08333333333333333,5.699261544570135,2.6977608403092486,1.7985162153917287,1.792831903725471
95,0.16666666666666666,26.70964071287557,-18.312618327996184,-1.2210274683993987,-0.8011953080909677
96,0.16666666666666666,18.667238928493987,-10.270216543614604,0.20695518102276367,0.2047343049075323
97,0.25,22.915635333925252,-14.518612949045869,0.8180057257856106,0.4931277411885304
98,0.25,0.0,8.397022384879383,-1.4665036650722798,-1.259316632196299
99,0.4166666666666667,0.0,8.397022384879383,-0.3540057305205321,-0.3561343540292743
100,0.16666666666666666,28.933375944791123,-20.53635355991174,0.47927230467514903,0.7606751500429993
101,0.08333333333333333,0.0,8.397022384879383,-0.15768523109509472,0.01240732154255292
102,0.16666666666666666,0.0,8.397022384879383,-0.3044325671350733,-0.4664254237989349
103,0.08333333333333333,22.51411913354255,-14.117096748663167,-1.5055072554062434,-1.4199480100055553
104,0.08333333333333333,0.0,8.397022384879383,-1.320936887572497,-1.0289829041374063
105,0.3333333333333333,6.063889494955319,2.333132889924064,1.1105861231949916,0.9853662123715736
106,0.16666666666666666,0.0,8.397022384879383,0.3282386370525021,0.21700982425772963
107,0.08333333333333333,8.453783998152502,-0.05676161327311924,0.3182367006519229,-0.45254854562823255
108,0.25,0.0,8.397022384879383,-0.5096045388774684,-0.07732832488061803
109,0.3333333333333333,0.0,8.397022384879383,1.0603001195024135,0.7265636107448765
110,0.16666666666666666,0.0,8.397022384879383,-3.50493673213818,-3.8308766206567633
111,0.16666666666666666,0.0,8.397022384879383,0.08871906168718419,0.18217541945586416
112,0.4166666666666667,1.4209361712429,6.976086213636483,-1.815924424337819,-2.1170240784647802
113,0.16666666666666666,0.0,8.397022384879383,0.014306910851122012,0.03112994441072381
114,0.08333333333333333,0.0,8.397022384879383,-0.7562624314179953,-0.689656923898359
115,0.0,0.0,8.397022384879383,0.8863732950302428,0.6201000976962874
116,0.3333333333333333,0.0,8.397022384879383,-3.9798166415611425,-3.4583493126750193
117,0.16666666666666666,25.31368072721392,-16.916658342334536,0.5880035199180895,1.1183979411739386
118,0.16666666666666666,32.1368106308872,-23.739788246007812,-0.6053775313117171,-1.132014828149778
119,0.16666666666666666,6.499847380975083,1.8971750039042998,-1.4737377301769499,-1.2694855979093518
120,0.16666666666666666,40.293720576001846,-31.89669819112246,0.6674426909526687,0.6971679133725104
121,0.3333333333333333,17.883079045250113,-9.48605666037073,1.2851669703168227,1.3236662319525294
122,0.16666666666666666,0.0,8.397022384879383,-1.4995881290708986,-1.2047488801527342
123,0.16666666666666666,1.4734810218334786,6.923541363045905,-1.0102486076049217,-1.3819801165153933
124,0.0,0.0,8.397022384879383,0.7615677674955705,0.24546047854386188
125,0.16666666666666666,0.0,8.397022384879383,4.363686129455985,4.161366663999559
126,0.25,0.0,8.397022384879383,1.1839192252736805,1.1841592567505217
127,0.08333333333333333,28.444772636357726,-20.04775025147834,-0.36700008211005297,0.3082766643212409
128,0.25,21.070673653827754,-12.67365126894837,1.839747831627804,1.7900506445648148
129,0.3333333333333333,19.96543306444302,-11.568410679563636,-1.8183147987480481,-2.208066358089283
130,0.16666666666666666,26.793481126592155,-18.39645874171277,0.7954814521725098,0.9632421462192298
131,0.25,8.552142058200843,-0.15511967332145993,-0.1645874370269098,-0.15567755672830685
132,0.25,14.496130338678213,-6.09910795379883,-0.7283529219674847,-0.6869986453036887
133,0.16666666666666666,6.263571698448786,2.1334506864305975,1.7551750132642496,1.4579184630056687
134,0.0,15.403766677411483,-7.006744292532099,1.91046489129738,1.8236814162459751
135,0.16666666666666666,0.0,8.397022384879383,0.20451927196896094,0.17589427227225707
136,0.16666666666666666,20.445058824275264,-12.048036439395881,-2.0918333045363084,-2.0597170332913777
137,0.16666666666666666,0.0,8.397022384879383,-0.5823267729159173,-0.25839475264901807
138,0.08333333333333333,23.882455892557232,-15.485433507677849,0.21025456363142325,0.05284588683127822
139,0.25,0.0,8.397022384879383,1.3671292729669327,1.491153433382389
140,0.5833333333333334,0.0,8.397022384879383,0.3290338370491946,0.013778322778640766
141,0.08333333333333333,0.0,8.397022384879383,1.2634273804414595,0.9532401866086744
142,0.16666666666666666,0.0,8.397022384879383,1.924200986000364,1.629994585081561
143,0.3333333333333333,0.0,8.397022384879383,-0.9113482465994878,-1.2491637938706717
144,0.16666666666666666,19.496962333684564,-11.099939948805181,-1.01360808223653,-0.956994154974879
145,0.0,3.9996802438256935,4.39734214105369,1.6688340358407459,1.3954489557636975
146,0.08333333333333333,0.0,8.397022384879383,-0.40518224328477975,-0.33201882080064055
147,0.16666666666666666,16.584560072070715,-8.187537687191332,-1.0134411753937513,-0.9562955535476476
148,0.08333333333333333,0.0,8.397022384879383,0.7497065665147237,0.6926608688548508
149,0.3333333333333333,0.0,8.397022384879383,-0.5260987239548981,-0.6065985070165555
150,0.16666666666666666,0.0,8.397022384879383,0.5987035049401257,0.16108127722527144
151,0.16666666666666666,14.92814295846432,-6.531120573584937,1.3969920906372693,1.0561067150806593
152,0.0,6.02926424070354,2.367758144175843,0.19695169855890526,0.07112822219355053
153,0.16666666666666666,0.0,8.397022384879383,-1.1930765220344952,-1.902306735387043
154,0.0,5.869529693563763,2.5274926913156204,0.8397193187353764,0.7434802689836602
155,0.0,0.0,8.397022384879383,0.3957951760314434,0.18940245131682065
156,0.3333333333333333,4.130920401782305,4.266101983097078,1.1297230181627071,0.8990169314993182
157,0.3333333333333333,17.33843023882264,-8.941407853943256,0.3291596474279572,0.15503493066023566
158,0.25,10.342999546968699,-1.9459771620893154,-1.810990738785378,-2.25101522768734
159,0.08333333333333333,19.82138352972953,-11.424361144850147,1.4907618564918295,1.6840017762446706
160,0.25,8.952846939601116,-0.5558245547217329,-1.3154322070679854,-1.170542772564339
161,0.3333333333333333,0.0,8.397022384879383,0.8102244262244956,0.6899295783366635
162,0.08333333333333333,22.671185556688698,-14.274163171809315,0.33651149120061064,0.3607769580149238
163,0.16666666666666666,11.427290085611432,-3.0302677007320487,-0.43214031524141205,-0.3557800942804761
164,0.08333333333333333,17.964673229721626,-9.567650844842243,-1.5407817238838817,-1.687119602916141
165,0.16666666666666666,26.182994845812402,-17.785972460933017,-1.107449558707529,-0.9199050782707587
166,0.4166666666666667,29.131029542711758,-20.734007157832373,-0.23886146630273686,-0.8727144344989739
167,0.08333333333333333,16.71564249775261,-8.318620112873228,0.5066369811657552,0.49352000647013483
168,0.4166666666666667,6.373959046169546,2.0230633387098376,0.9283570173557649,0.7938938401593276
169,0.16666666666666666,15.070834212502007,-6.6738118276226235,0.08482127765940106,-0.11135545649675294
170,0.25,0.0,8.397022384879383,2.6328898478300777,2.3845903611659978
171,0.25,42.357534309869095,-33.96051192498971,-1.5953075670031183,-1.2000524923665523
172,0.16666666666666666,0.0,8.397022384879383,1.0485321139993466,0.7937461850212577
173,0.0,1.3271990669366431,7.06982331794274,2.879860973385135,2.8383460104248144
174,0.16666666666666666,7.508613126975149,0.8884092579042342,1.2937505537944958,1.1459969561785215
175,0.4166666666666667,0.9236609433436627,7.473361441535721,-4.006740501838507,-3.7803829412697354
176,0.16666666666666666,24.77241587726691,-16.375393492387524,-2.654535025799376,-2.5469730215354645
177,0.25,0.16156834411154364,8.23545404076784,0.7047596470627688,0.9908029935690017
178,0.16666666666666666,16.990902938382206,-8.593880553502823,-0.7445783360057732,-1.138017439535048
179,0.08333333333333333,0.0,8.397022384879383,-0.6441856209850043,-0.48394387175257525
180,0.25,0.0,8.397022384879383,-1.2572277745713176,-1.3997872219584506
181,0.25,0.0,8.397022384879383,1.3864549620675526,1.4501042649825033
182,0.08333333333333333,0.0,8.397022384879383,-0.24298443579354298,-0.46045808124442256
183,0.25,7.614512056267017,0.782510328612366,-2.4226911442912353,-1.9933720514462152
184,0.25,2.9319167936114496,5.465105591267934,-0.28358894584159344,-0.3446258016937911
185,0.08333333333333333,10.338625420925922,-1.9416030360465388,-3.8290451947474935,-3.695534953378015
186,0.08333333333333333,0.0,8.397022384879383,1.7355114686754938,1.307474251762251
187,0.0,0.0,8.397022384879383,1.447207950312972,1.3263457936590228
188,0.16666666666666666,9.120216193316338,-0.7231938084369549,0.2159930860495365,0.01889734344081262
189,0.16666666666666666,0.0,8.397022384879383,2.482088854193047,2.26880503538369
190,0.16666666666666666,12.565591192790578,-4.168568807911194,-0.4163697000317228,-0.8045358753795995
191,0.3333333333333333,42.39610483884587,-33.99908245396649,-0.8573384342229105,-0.6874480881906067
192,0.25,0.0,8.397022384879383,-1.013277543806396,-0.9118514006899545
193,0.16666666666666666,6.509821207976756,1.887201176902627,-0.27903251069417934,-0.3110584551065756
194,0.08333333333333333,0.0,8.397022384879383,0.5435934533478581,0.6385291956131516
195,0.25,0.0,8.397022384879383,1.7366869092375126,1.852921957030965
196,0.16666666666666666,8.357985039062925,0.03903734581645857,-0.33085555888439444,-0.09572254655644485
197,0.25,22.442780073833774,-14.04575768895439,0.5609059984333697,0.7912916423119754
198,0.16666666666666666,10.54511425245471,-2.148091867575326,0.7439965034250804,0.9211037380233336
199,0.0,45.21231828513041,-36.81529590025102,-1.1597472644805862,-0.9112062602945343
200,0.08333333333333333,0.04782756158699897,8.349194823292384,2.283944917391807,2.1452984740359042
201,0.25,16.477795723689738,-8.080773338810355,0.629255451146534,0.8819170588045893
202,0.0,4.77974581175468,3.6172765731247036,1.288219611949458,0.9812199781293742
203,0.25,12.496583292942418,-4.099560908063035,2.4655031908787493,2.4528872004317606
204,0.25,9.371603818604243,-0.9745814337248593,-0.3658418643115482,-0.9095704940580731
205,0.16666666666666666,3.807308851910051,4.589713532969332,1.908295344506584,2.074133568026923
206,0.08333333333333333,16.014198388643308,-7.617176003763925,0.2683730360770511,0.05428708413472805
207,0.08333333333333333,0.0,8.397022384879383,1.3661059983739747,0.9016558406121984
208,0.16666666666666666,0.0,8.397022384879383,-1.4792643160857466,-1.7137031227501565
209,0.3333333333333333,0.0,8.397022384879383,0.020224331615708024,0.6554052443845961
210,0.08333333333333333,0.0,8.397022384879383,1.5226009018826154,1.3297402464465229
211,0.25,16.72384652899092,-8.326824144111535,0.44581528825995065,0.7409267247350328
212,0.25,0.0,8.397022384879383,3.6790390387651826,3.524585070041475
213,0.16666666666666666,2.7429127036156444,5.654109681263739,1.877933302613144,1.3752634144754836
214,0.08333333333333333,8.388693842032723,0.008328542846660625,0.8514529402981452,0.5731336898797537
215,0.4166666666666667,19.104553460966713,-10.70753107608733,-0.8245024817955482,-1.2680680955027555
216,0.16666666666666666,0.0,8.397022384879383,1.0580850669540791,0.891428807735478
217,0.16666666666666666,8.250660035012004,0.1463623498673794,0.2768412481939748,0.0993561821378961
218,0.25,14.484467976706782,-6.087445591827398,-1.1790587702442537,-1.5795876614550508
219,0.16666666666666666,5.303204056143699,3.0938183287356846,-2.1924604824172462,-2.086997708144395
220,0.08333333333333333,0.0,8.397022384879383,-0.10768998170935795,0.1518546812712982
221,0.16666666666666666,0.0,8.397022384879383,-0.0765248832576518,-0.2647374427310325
222,0.16666666666666666,0.0,8.397022384879383,0.5225689110162756,0.4163631100686995
223,0.08333333333333333,16.299808473061717,-7.902786088182333,1.849950137325763,1.676964529202479
224,0.25,28.234501813390096,-19.83747942851071,-1.3338595492973297,-1.0191616847163232
225,0.16666666666666666,18.12485094235234,-9.727828557472955,1.5159118262571099,1.368921634672077
226,0.08333333333333333,0.0,8.397022384879383,-0.7964658671755512,-0.5373306287034163
227,0.25,0.0,8.397022384879383,-0.20638272808922184,0.12941360719995232
228,0.3333333333333333,0.0,8.397022384879383,-1.2163258047567689,-0.7770807198897998
229,0.25,22.891125774106968,-14.494103389227584,-1.540613620980949,-1.87969193657446
230,0.3333333333333333,0.0,8.397022384879383,0.4187049698345397,0.40810981784143296
231,0.08333333333333333,0.0,8.397022384879383,-0.11785770814157281,-0.2199531871429894
232,0.16666666666666666,6.601081512057306,1.7959408728220776,1.0576009413376681,0.6967951914073183
233,0.3333333333333333,36.398105861526545,-28.00108347664716,0.2848010638999767,0.2865137241163609
234,0.4166666666666667,0.0,8.397022384879383,-1.652051346884605,-1.5596101286459925
235,0.16666666666666666,2.613637994813814,5.783384390065569,3.2998101617268887,3.2490125422423404
236,0.3333333333333333,2.585658929088737,5.811363455790646,3.3982128674197725,3.340105000524183
237,0.25,0.0,8.397022384879383,0.22461998178367915,0.17853456904387288
238,0.25,0.0,8.397022384879383,0.09193096703628341,-0.07958292249347036
239,0.25,0.0,8.397022384879383,-1.288439215923674,-1.2316590595487709
240,0.3333333333333333,30.744802601114145,-22.34778021623476,-0.39977274773637816,-0.3287269862876201
241,0.16666666666666666,0.0,8.397022384879383,-0.020580870893105674,-0.05655052796615745
242,0.16666666666666666,0.0,8.397022384879383,3.7045165943969707,3.6781252310499646
243,0.0,3.441906094911417,4.955116289967966,-1.1273217382457972,-1.1216978195024723
244,0.25,0.0,8.397022384879383,-0.2366741195047357,-0.16587073524539697
245,0.16666666666666666,5.601769770893412,2.795252613985971,1.2985655335281336,1.3264403906301538
246,0.16666666666666666,0.0,8.397022384879383,-1.4700537156739906,-1.4694500349111272
247,0.25,0.0,8.397022384879383,-0.1202016909131034,-0.3588483613567388
248,0.3333333333333333,0.0,8.397022384879383,-0.18729110241766858,-0.058347950615112276
249,0.3333333333333333,0.0,8.397022384879383,-2.2125157440147145,-1.9536266812679057
