scenario,repeat,path_id,stress_fraction,avg_prior_stress_probability,avg_posterior_stress_probability,Unhedged short option,Constant-correlation hedge,Oracle regime hedge,Filtered regime hedge
Baseline,0,0,0.3333333333333333,0.18458748840301228,0.22757967286979738,8.15198564672296,-1.2866700589783733,-1.0395636565652708,-1.333080478873974
Baseline,0,1,0.3333333333333333,0.18244526367038247,0.16563409206372726,-2.669369059975839,0.8247238832047259,1.0382020434911823,1.1599261412488175
Baseline,0,2,0.25,0.18441838298590404,0.234478321788681,8.15198564672296,-2.737669411022722,-2.6141198480153633,-2.9206439852438137
Baseline,0,3,0.0,0.1808390942201942,0.11445086585461613,8.15198564672296,1.6557607644050512,1.5005659590517162,1.367061054778472
Baseline,0,4,0.3333333333333333,0.1839729547866941,0.20636718621337866,-20.834719345861505,0.7407133897076221,0.6121306350857338,0.7274221667502587
Baseline,0,5,0.16666666666666666,0.18252924878537546,0.16035163824789914,-8.400879949399911,-1.4408363680219907,-1.7932919592402357,-1.4297051891218757
Baseline,0,6,0.25,0.1838105046916174,0.20105455279182335,8.15198564672296,1.5292326038322168,1.571398834456116,1.7393795613046847
Baseline,0,7,0.3333333333333333,0.18400704079350846,0.20852345410199932,8.15198564672296,-0.16863939755248936,-0.21828763144785768,-0.21769253646405495
Baseline,0,8,0.16666666666666666,0.1826501405793358,0.2024282624005712,8.15198564672296,-2.2014604013813797,-2.3922919883730978,-2.465708011468479
Baseline,0,9,0.3333333333333333,0.18303581376378295,0.1874846707055852,7.482361956650049,0.8927627972085652,1.3731741758830722,1.0471649806711447
Baseline,0,10,0.16666666666666666,0.18251554498764724,0.16067321440449886,8.15198564672296,-0.18611821245814833,0.04715579315327084,-0.3009042692000082
Baseline,0,11,0.3333333333333333,0.18547266181285474,0.28402800150494434,8.15198564672296,-3.5211038646896498,-3.174530785830534,-3.438337246173816
Baseline,0,12,0.0,0.18165687213361484,0.1386275862335286,8.15198564672296,1.586244432330119,1.516677989873628,1.7419255459001945
Baseline,0,13,0.25,0.18192631921937985,0.1406261818020054,4.516216894210881,3.178650346740703,2.903200567681921,2.86304794043361
Baseline,0,14,0.25,0.18019210924802617,0.09622916585674855,-11.892229383957133,-0.2767720029156635,-0.29496265894179885,-0.14264340124977082
Baseline,0,15,0.3333333333333333,0.1851999046877344,0.2525574272864192,8.15198564672296,-1.9558177914440054,-1.5875057525513503,-1.8168296357492189
Baseline,0,16,0.25,0.18333614016557817,0.2125984047149236,-22.41762513019619,-1.7471268428950992,-1.616050906347013,-1.6177201712255282
Baseline,0,17,0.16666666666666666,0.18306181960865933,0.17916469857438402,2.770008309037319,-1.0863232445111208,-1.0058702598953033,-0.9309022589567206
Baseline,0,18,0.08333333333333333,0.18283782031467724,0.17719811665562657,8.15198564672296,2.6706083745496585,2.8157931912508474,2.6480521601155047
Baseline,0,19,0.3333333333333333,0.1838051291267211,0.2111330116190642,8.15198564672296,1.07689930338988,0.8055334360966449,0.8751384384789267
Baseline,0,20,0.0,0.18008348580584832,0.10960545619983815,8.15198564672296,0.6478455507109377,0.8131394733612854,0.5142489989712126
Baseline,0,21,0.08333333333333333,0.18269663283822998,0.19839227012059302,8.15198564672296,1.0092590734753673,1.0441000450824185,0.9831292261371631
Baseline,0,22,0.16666666666666666,0.18247712801068297,0.16382556439657026,-22.242439724220095,0.9104564037508425,0.8834964136524945,0.8177975658634438
Baseline,0,23,0.0,0.1825840673719693,0.18913035916411194,8.15198564672296,0.14510185724928704,-0.09724640165890719,-0.4641073169065919
Baseline,0,24,0.08333333333333333,0.18302052691345272,0.18700102708822053,0.18225644366112803,-1.240362928055859,-1.7600532844668635,-1.9291090624010536
Baseline,0,25,0.4166666666666667,0.1845628241149766,0.25050321899418887,4.146220148051622,1.5170765092547214,1.7585491476591386,1.777028927153495
Baseline,0,26,0.25,0.1822796972400769,0.18870974802221166,-6.328147715366601,-0.43918765509995694,-0.826681118893319,-0.665452541529902
Baseline,0,27,0.25,0.18185727558411313,0.16282599305852932,2.687047261442654,1.1891935420310773,0.657628160133541,0.7924201112533922
Baseline,0,28,0.25,0.18392846888956912,0.23134984466728156,-34.444070186255445,-2.817370653972006,-2.3878475234145355,-2.345178833025855
Baseline,0,29,0.25,0.18199174928125395,0.14273938365342898,-1.1183130622045248,-0.4783955075264572,-0.7309238058613801,-0.8107848186061943
Baseline,0,30,0.25,0.18500170349982506,0.26051168737071334,-24.117749759807783,-1.394127687513489,-0.9926935197908762,-1.575234682472086
Baseline,0,31,0.25,0.1845922561909473,0.25272144943708413,7.2654021339421995,-0.0001396063570524575,0.02666366023026967,0.0813156290381869
Baseline,0,32,0.4166666666666667,0.18546739861458825,0.2591704011839284,1.613522754896234,-3.344013873733772,-2.8665760030989986,-3.1043001469758735
Baseline,0,33,0.0,0.1824392184695461,0.1571788184234223,3.6683204764198187,-2.1784516829738436,-2.424277844436446,-2.3774413617261843
Baseline,0,34,0.16666666666666666,0.18121248818005595,0.13936344677175858,-4.565049454502901,0.5777029101722917,0.798882934272541,0.5300358312472895
Baseline,0,35,0.16666666666666666,0.1810404571648244,0.12801104789704087,-7.463071540094479,0.20610627003839,0.2615005207861145,0.33382431979481453
Baseline,0,36,0.3333333333333333,0.1837213312954272,0.198107806047645,8.15198564672296,0.04288200528918994,-0.026855633257904833,0.02929672508191271
Baseline,0,37,0.25,0.18343459059268039,0.19567228098792586,8.15198564672296,-0.03327326963819044,0.23968185580469112,0.13855804568951252
Baseline,0,38,0.16666666666666666,0.18290444552414142,0.1830992757042735,8.15198564672296,-1.584503156604777,-1.936315023830879,-1.5262852648393155
Baseline,0,39,0.08333333333333333,0.18344835134850856,0.20602166550686282,0.8381579065090641,1.1300597165519264,1.4493530276645288,1.4052452277015277
Baseline,0,40,0.08333333333333333,0.1809273164703152,0.11060253056621451,8.15198564672296,1.1303048013329917,1.2310375581565065,0.8832915820661764
Baseline,0,41,0.0,0.1802024892109273,0.09932866335002916,5.47274489282081,2.989518777121276,3.091248135122946,3.078827745430651
Baseline,0,42,0.08333333333333333,0.18257103831045748,0.1624647184303564,8.15198564672296,-0.6385487108065329,-0.45786598065230183,-0.5870406836015999
Baseline,0,43,0.08333333333333333,0.1825675842805682,0.18270858313644686,5.309779126592755,1.5686451580476017,1.3543997023784087,1.8330982170681835
Baseline,0,44,0.08333333333333333,0.18389528744509445,0.2114211891332338,-16.233288921020108,-0.3629861421521525,-0.3601377861426158,-0.002360862719072543
Baseline,0,45,0.25,0.18260603468414863,0.18829113635705583,7.567555672510235,3.398271243769713,3.474180548212047,3.1476500813217854
Baseline,0,46,0.0,0.18221178041302796,0.1789166215227965,8.15198564672296,0.6469537769930299,1.0090817060531276,0.9809297060927504
Baseline,0,47,0.16666666666666666,0.18312360796018293,0.20132421514990553,2.600648102841358,1.8961003611896103,1.9279680797429393,1.8438079820495261
Baseline,0,48,0.16666666666666666,0.18280748270748648,0.21011376972585358,6.203082242186181,-0.951234490173686,-0.8324530282184046,-1.042825158154928
Baseline,0,49,0.08333333333333333,0.18519088648275828,0.23971611946513585,-14.94745186397957,-1.1069809028949322,-1.423284981604013,-1.4255470482326729
Baseline,0,50,0.0,0.18309833473825554,0.18078504704019197,2.965845532213091,-0.5435422996329748,-0.8221940819041293,-0.6401416045209487
Baseline,0,51,0.25,0.18763367169576284,0.33505046800784166,4.821860267336756,-1.7018734527182033,-1.774198954134448,-2.2410079384911086
Baseline,0,52,0.08333333333333333,0.18085238643909265,0.11508471040591811,8.15198564672296,0.6963062999470571,1.049925774385242,0.738667538068394
Baseline,0,53,0.0,0.1831720819065663,0.18238486107281215,8.15198564672296,0.8589134388992132,0.9057027911934177,1.030073075585006
Baseline,0,54,0.08333333333333333,0.17991061158235402,0.10276238137384637,8.15198564672296,1.9634156023530953,1.9532429687138309,2.0691565284146365
Baseline,0,55,0.5833333333333334,0.18378235476346028,0.22270548920539232,8.15198564672296,-4.144165150728057,-4.0730226615656875,-4.054295739729817
Baseline,0,56,0.08333333333333333,0.18311356052189834,0.18938071566453832,8.15198564672296,-0.7388388311168635,-0.7411711410776057,-0.6099007034702754
Baseline,0,57,0.08333333333333333,0.1830383250658252,0.1882776662766031,-2.2529154624227523,-5.006025858570865,-6.039073082355557,-4.9606691125163564
Baseline,0,58,0.0,0.18148181758070459,0.13145281394689334,-5.3380988348127865,-1.8445252952928826,-1.537720236725562,-1.3780853871640346
Baseline,0,59,0.0,0.18290958527951187,0.17196532910307985,7.840504399593851,-1.4751206001711346,-2.225046543265698,-2.4076688578210543
Baseline,0,60,0.4166666666666667,0.18371822834927085,0.1951437278541722,8.15198564672296,-0.8908875691099798,-0.9951761194040945,-0.7500763844097396
Baseline,0,61,0.08333333333333333,0.18260207709466894,0.1937678084795801,8.15198564672296,-1.1861459344342764,-0.9459055455805672,-1.167409164900917
Baseline,0,62,0.3333333333333333,0.1834786428889307,0.1881782565528114,2.947923167792876,0.20812023182395478,-0.25261864485406704,-0.5284038035488123
Baseline,0,63,0.25,0.1830263815776586,0.1740753601082207,5.523748170977878,2.1064125806482252,2.200331903970067,2.153964264197839
Baseline,0,64,0.08333333333333333,0.18502359424657047,0.25065315088659795,7.913748499977114,-2.6152812389327345,-2.570672705690277,-2.8700781070928585
Baseline,0,65,0.08333333333333333,0.18236972274996566,0.17206242246380965,4.551003092077007,2.060531403983788,2.12672697588269,2.157779455398156
Baseline,0,66,0.08333333333333333,0.18374912472760133,0.19977614324058954,8.15198564672296,0.7666642754941719,0.784229079878795,0.7792137641146724
Baseline,0,67,0.25,0.1832804543163908,0.1979097477545961,8.15198564672296,0.3337322164984532,0.30758573951945684,0.1398766244084472
Baseline,0,68,0.08333333333333333,0.18251443052633878,0.15848114940516425,4.612157868874458,-2.2595661921749723,-1.794425437902973,-1.7920651235506142
Baseline,0,69,0.0,0.18149636220580154,0.13432373325381516,-1.900721486545752,2.250604967747037,2.4367406004797374,2.18258245988784
Baseline,0,70,0.0,0.18102469092979004,0.11345613746325016,8.15198564672296,-0.6366377969231617,-0.5661197842826075,-0.6466380530019183
Baseline,0,71,0.08333333333333333,0.18249788961681399,0.15866776961941012,-11.723138816898544,-0.7865412711192477,-0.9060776686656595,-0.7807168270134639
Baseline,0,72,0.0,0.18033043484807465,0.09325541381687613,-15.570410793178983,1.2284464574343588,1.3179827723859034,1.5336744860972686
Baseline,0,73,0.25,0.18201399240142402,0.17412548025294827,-20.873175131457305,0.817756781518284,0.33686394737964065,0.6393863781502205
Baseline,0,74,0.25,0.18342910296795945,0.1997994043314565,8.15198564672296,0.5187034431430666,0.6521114547949898,0.8325525314979103
Baseline,0,75,0.16666666666666666,0.18145733951563878,0.13118550403519333,8.15198564672296,-0.3648934438550109,-0.4639264484074799,-0.4041972536879168
Baseline,0,76,0.16666666666666666,0.1844977303914941,0.22180829396634624,8.15198564672296,-0.028220473762553766,-0.21872543796857613,-0.37706922062773707
Baseline,0,77,0.08333333333333333,0.1821807672278123,0.17458486745105525,8.15198564672296,2.7770010177621955,2.5733814893520943,2.4677903875436016
Baseline,0,78,0.16666666666666666,0.18152732984181838,0.14734820107353488,8.15198564672296,-0.414777939044448,-0.20347424518246301,-0.41564595492290124
Baseline,0,79,0.0,0.1827957709218195,0.2037239909709918,8.15198564672296,-0.0304608733067111,-0.4432411898702342,0.1874029010449405
Baseline,0,80,0.08333333333333333,0.18132884858637158,0.14771556511868097,-2.3427450715516507,0.6515693557613389,1.013479066387987,0.7032289840389723
Baseline,0,81,0.25,0.18576278373649843,0.28747205723558217,-22.377652963039214,-0.7431442672256878,-0.9469588417430117,-0.9090525783997521
Baseline,0,82,0.0,0.18140184329216233,0.12493915887296903,-8.13216459353406,0.9238207826188614,0.6812964613262693,0.6401688999390132
Baseline,0,83,0.08333333333333333,0.18435603362338635,0.22009719948394924,4.626892371964512,-1.0667110902194565,-1.451837459660183,-1.5714218159073852
Baseline,0,84,0.16666666666666666,0.1839380179514342,0.21572674085160323,8.15198564672296,0.12417339161397489,0.21642481924478751,0.3182971857214163
Baseline,0,85,0.25,0.18484648171072415,0.2396464045852714,-11.374970064806366,1.1394321197917208,1.531443180800025,0.968988006295703
Baseline,0,86,0.16666666666666666,0.18376326835145237,0.22143000322959425,-20.01528178773673,-0.6815878178390875,-0.4435017077984469,-0.44085414187964034
Baseline,0,87,0.16666666666666666,0.18120272106291294,0.12048154451406069,8.15198564672296,-1.9934163984720776,-1.7651138096978372,-1.5361933583449972
Baseline,0,88,0.16666666666666666,0.18321036141970962,0.19526397819028754,5.121800141279788,-1.095355897665101,-0.8852539011067222,-0.8527180270656061
Baseline,0,89,0.08333333333333333,0.18338885118870263,0.18516759013694137,6.6563714012264334,1.8907411766039957,1.786515458136705,1.449949160643655
Baseline,0,90,0.16666666666666666,0.18203634386130155,0.15345654559277408,0.7034503203907825,-1.5650561299352006,-2.276789249664475,-2.167768330878147
Baseline,0,91,0.16666666666666666,0.18231497442793257,0.15900890216675898,-17.287596368018303,1.2201580611912277,1.3576730866705589,1.1520956552886332
Baseline,0,92,0.16666666666666666,0.18454224707973,0.2269670908395628,8.15198564672296,-0.6688939587977174,-0.39922614473941537,-0.31414644264032243
Baseline,0,93,0.16666666666666666,0.18216454523382195,0.1660250464938888,8.15198564672296,-0.4130039717815086,-0.6128965510505404,-0.6777717938490633
Baseline,0,94,0.0,0.18045888657432688,0.12650240368080212,5.290764583297143,0.8924366692011034,0.32068376888010164,0.4322933058861196
Baseline,0,95,0.08333333333333333,0.18025485931040167,0.11173492571546119,0.9957096479256045,0.8878201671951871,0.7554415051890828,0.9965171700586097
Baseline,0,96,0.3333333333333333,0.1825801024767537,0.1891060171210243,8.15198564672296,1.154191717422729,1.1405361961383012,1.1449873745332044
Baseline,0,97,0.0,0.1802507688510877,0.1095371777304441,8.15198564672296,0.049697857097655174,-0.2783364340962464,-0.24999186991517774
Baseline,0,98,0.16666666666666666,0.1815425618183062,0.14530291141757024,8.15198564672296,-1.1738968695110685,-1.0677479136058423,-1.2987399993051838
Baseline,0,99,0.16666666666666666,0.18104637521767983,0.12563966718928862,-3.8405738100672018,0.27288359228043646,0.3717979905001698,0.18159645500755062
Baseline,0,100,0.08333333333333333,0.18065920780043612,0.1148323716007772,-20.241368802883915,0.6543153839159146,0.6159276934414066,0.6965649915786969
Baseline,0,101,0.3333333333333333,0.18473839228485575,0.2283856922735239,4.918392421166086,0.09835790973404812,0.6970096020587846,0.5320482162527895
Baseline,0,102,0.16666666666666666,0.1825919345810628,0.19123123590243604,-11.93846507672784,-2.339411758085191,-2.2776354911656114,-1.8987138882702936
Baseline,0,103,0.16666666666666666,0.18293136651080896,0.19326859779080208,8.15198564672296,-0.4680044761814794,-0.20111197720855617,0.10026233078708188
Baseline,0,104,0.16666666666666666,0.1835928392868229,0.19188487960868786,8.15198564672296,-1.2852643996635595,-1.0065580215338004,-1.102562889519939
Baseline,0,105,0.25,0.18017695067458775,0.09909936147268394,8.15198564672296,-1.2768426688211445,-1.0211226906743907,-1.0967971133734356
Baseline,0,106,0.08333333333333333,0.18035637954426062,0.09485783838547392,1.1325769667007641,-2.443522928785029,-2.6709381117099014,-2.619555626408186
Baseline,0,107,0.08333333333333333,0.1806272414586584,0.12385450908721073,8.15198564672296,2.413391497244554,2.217788726299041,2.13501551491418
Baseline,0,108,0.3333333333333333,0.18440963349271955,0.22282359578479824,8.15198564672296,-0.42483467284036536,-0.4594570191875622,0.071497399584322
Baseline,0,109,0.0,0.181450680262767,0.12793512690876233,4.022683535864612,0.6710651544042712,0.8730837308299542,0.7822289841421615
Baseline,0,110,0.16666666666666666,0.18417626674110607,0.22151308276286152,8.15198564672296,-1.3491752508723494,-1.6862353208423855,-1.1691622950178129
Baseline,0,111,0.3333333333333333,0.18483380029849805,0.2639038365859801,8.15198564672296,0.7968526538562486,0.4980656912340322,0.5965768344552203
Baseline,0,112,0.0,0.18043793344403383,0.1345359802105174,-12.2499189004828,-0.4568021802649298,0.06454281363758696,-0.6374878990763193
Baseline,0,113,0.25,0.18278133090376214,0.19633056984171557,8.15198564672296,1.7849030494085412,2.0219974074166807,1.7042033887047197
Baseline,0,114,0.4166666666666667,0.18214583935459874,0.17303943914547448,5.643188700438241,-0.31244002521323466,-0.2142976735212443,-0.28967009106193586
Baseline,0,115,0.16666666666666666,0.18225972395421683,0.17700542371056852,8.15198564672296,-1.5719466988947914,-1.887344621287177,-2.026616676393182
Baseline,0,116,0.3333333333333333,0.1837487486129673,0.22330800725551736,-43.78398539934021,-2.7501333554321974,-2.335909699083274,-2.266138873753249
Baseline,0,117,0.08333333333333333,0.18332513369789627,0.19729874243463866,8.15198564672296,2.185780024746352,2.1821974518606297,2.3056851310853803
Baseline,0,118,0.25,0.18356213745765249,0.20739962352401428,8.15198564672296,-0.05971645018885674,0.2801830174314546,-0.12149127319910136
Baseline,0,119,0.4166666666666667,0.18270196408136033,0.19454668347831974,0.5449461740082988,0.6860593646218263,0.5921324997675299,0.5344976887683828
Baseline,0,120,0.3333333333333333,0.18273643883195012,0.18998963520602033,4.046550526008172,1.8787358818302948,1.9534390418462095,1.7728881814636566
Baseline,0,121,0.25,0.1833090512298006,0.20936788154475897,8.15198564672296,-1.1561179785849447,-1.5456763049749611,-0.9980147400161599
Baseline,0,122,0.08333333333333333,0.1832473143434762,0.19695592052864994,7.477647007441245,2.544256011436154,2.3103170033662437,2.6957001124711297
Baseline,0,123,0.25,0.18439771479795233,0.2282688484388297,8.15198564672296,-1.8443629378547968,-1.4943306173322384,-1.7753469348076436
Baseline,0,124,0.16666666666666666,0.18272206091159673,0.17146049732251245,8.15198564672296,-0.24949623801620646,-0.4709444615806362,-0.5436223144327208
Baseline,0,125,0.0,0.18255739256481127,0.17581491366890836,8.15198564672296,-0.9921483632233711,-0.9480783401646503,-0.9119525662738893
Baseline,0,126,0.25,0.18217660353347678,0.14824020984748662,8.15198564672296,0.4295922104271475,0.31716125799513234,0.4127661631190175
Baseline,0,127,0.16666666666666666,0.18121508597218142,0.14172990520875503,-6.789376255214609,-0.8215544179647054,-1.361078340694263,-1.156061463588543
Baseline,0,128,0.16666666666666666,0.1835016165392799,0.18849067246627513,3.686068818909387,0.8639975324129381,0.561581881696597,0.8406401567450246
Baseline,0,129,0.16666666666666666,0.18473420990219705,0.22854361380654623,2.027911093835268,-0.5813507053214266,-0.6843107912134059,-0.48615595051562366
Baseline,0,130,0.16666666666666666,0.18279123156587582,0.19618565476265237,-5.993256801230888,-1.284237268539016,-1.0750994683024402,-0.9920810784113314
Baseline,0,131,0.3333333333333333,0.18236401274095526,0.16069158928802948,7.799296570999257,1.3760659486568727,1.4208009186451562,1.3091307039509488
Baseline,0,132,0.0,0.1823872382487337,0.18072072879419587,8.15198564672296,0.6167618933645149,0.7362579755991686,0.5973571405744564
Baseline,0,133,0.3333333333333333,0.18269077311018803,0.20300582443194415,-0.4805816142125856,0.05198879725385552,-0.07258147557139694,0.2139996381833953
Baseline,0,134,0.08333333333333333,0.1804159406263314,0.09480973350685519,8.15198564672296,-0.2259709191011775,-0.3689612052795539,0.032386363896658776
Baseline,0,135,0.25,0.18338371735973014,0.1947588964131545,-32.036805191475864,-0.5050571220359359,0.08404701236338497,-0.1984932137776383
Baseline,0,136,0.08333333333333333,0.18051101823521884,0.10639465451355473,-3.6428922523324054,-1.0901701963463921,-1.252365691758797,-1.5628662378857285
Baseline,0,137,0.08333333333333333,0.1816642012644295,0.13695693768823594,-4.539945175252516,0.7723067234915391,0.5868884835386723,0.6790247473544042
Baseline,0,138,0.08333333333333333,0.18336637968121758,0.20806695268808753,-10.234900928439718,-4.937559755723427,-5.065855443730868,-5.008220219882318
Baseline,0,139,0.08333333333333333,0.181574900012736,0.13017530822259601,-0.39010789130408696,0.9317655602142452,1.0416363786551983,1.2162071210354526
Baseline,0,140,0.25,0.18385222249226632,0.20713219972302208,5.0230795090343,0.974235297757204,0.8787808111345043,0.7716818143522062
Baseline,0,141,0.08333333333333333,0.18126078361095474,0.1505096886917853,-14.543847018363454,0.4550532819131945,0.5608857613585201,0.6001760544028514
Baseline,0,142,0.25,0.18347873424333336,0.18856971338582573,-0.8563714220477188,-0.39622403586669463,-0.668341195850715,-0.5311128579430715
Baseline,0,143,0.08333333333333333,0.18304744937031536,0.17669897183115546,-1.7988150169964747,-2.0468547973600977,-1.6105067468817822,-1.8380468461495667
Baseline,0,144,0.25,0.18414629645375166,0.24449655233541848,-13.4292414024839,0.17021449251666354,0.16815325813774962,-0.052149250881967646
Baseline,0,145,0.16666666666666666,0.18469901120523702,0.2336885915103772,-1.8567232158482376,-1.0854187917580305,-1.448443305612983,-1.329521058909279
Baseline,0,146,0.08333333333333333,0.18132682043291745,0.1608990014528992,8.15198564672296,-1.521493115547563,-1.8107899162943462,-1.709621897314161
Baseline,0,147,0.3333333333333333,0.18391043180145814,0.20226925166162021,8.15198564672296,1.3252747124605064,1.0294759137596223,1.4316512142588882
Baseline,0,148,0.08333333333333333,0.1828365067298924,0.1804056004440426,-1.3092462102241065,0.07770484791032573,0.2335738903541369,-0.20906445489040948
Baseline,0,149,0.25,0.18192678212161975,0.15632409570170297,8.15198564672296,0.6092348345450636,0.015843166666165476,0.20683132596541723
Baseline,0,150,0.16666666666666666,0.18195841028584855,0.1718216510816034,8.15198564672296,1.0736041205261366,1.2441662030356802,1.2216319849976622
Baseline,0,151,0.16666666666666666,0.18357334527108674,0.2177243836113972,-1.736939790371185,0.021814760310448378,-0.13407614570614612,0.0021927588306880352
Baseline,0,152,0.16666666666666666,0.18123767787062328,0.1388455274709318,8.15198564672296,0.5407973442026852,0.4518357546180636,0.5195819014300836
Baseline,0,153,0.25,0.183715331014736,0.19909968060097752,7.650027651535776,-0.047374546325364975,0.21273585076128043,-0.3399418101905063
Baseline,0,154,0.25,0.18794222484508905,0.35308692217490795,-20.172428395045348,-0.5706706312579541,-0.783705054256302,-0.5573828093432951
Baseline,0,155,0.08333333333333333,0.18200572406254187,0.15663695475414943,-0.17488340693896376,0.6464116172037819,0.9282116689970934,0.5123792337124087
Baseline,0,156,0.08333333333333333,0.18057139600210972,0.10403188681124664,8.15198564672296,0.6639383875918168,0.6682753625484613,0.694797124948233
Baseline,0,157,0.25,0.18093807801733683,0.14164486542895208,-13.676400786142768,-3.3178888387200516,-3.599818758333697,-3.341522287713815
Baseline,0,158,0.16666666666666666,0.18407871447458615,0.2084470852720238,8.15198564672296,-2.1144537816567013,-1.9943850721042515,-1.6056999007899695
Baseline,0,159,0.25,0.18263978750415685,0.18742326546255714,-11.838948465746416,-1.5004613900275103,-1.1059110035650122,-1.3221937876359107
Baseline,0,160,0.3333333333333333,0.18221118580104045,0.17469146642315195,5.235202116122647,-0.329120517568235,-0.3139334382331569,-0.05589128798897747
Baseline,0,161,0.25,0.18217101194206572,0.15083415718923932,-13.427130078520154,-0.43337837395185375,-0.7178496485318675,-0.6591780007310177
Baseline,0,162,0.08333333333333333,0.18377567241408774,0.19816783619833778,7.171682405660999,2.3541697565380737,2.194538047553486,2.523143875171659
Baseline,0,163,0.3333333333333333,0.1837230049269504,0.21747252172186946,-5.537600436750328,0.20291138947375487,0.2921819005739792,0.22652673872759976
Baseline,0,164,0.0,0.182481742423548,0.15829585879825142,7.359093902514257,0.20293689012251903,-0.13054237399640867,0.4021362982038781
Baseline,0,165,0.25,0.18327923653380743,0.18810907800076848,-0.34016875892631404,0.22509687004476575,0.17014938807709257,0.38202545354033646
Baseline,0,166,0.0,0.1831792827875093,0.17915978174287275,8.15198564672296,0.311291149760282,0.06997785732644259,0.13140755869436113
Baseline,0,167,0.08333333333333333,0.18094218664464232,0.14898919358709053,8.15198564672296,-1.2919844464124743,-1.1469242184780164,-0.843193119842585
Baseline,0,168,0.25,0.1823406334350339,0.1604368396050346,3.2830869052485063,0.0018359254613642406,-0.03478349506860923,0.3481229618453625
Baseline,0,169,0.08333333333333333,0.18206504014551206,0.18038827075495203,8.15198564672296,1.666921050645227,1.8380907404303093,1.8184206860401027
Baseline,0,170,0.3333333333333333,0.1847499603368458,0.2289582250777766,8.15198564672296,-2.100181575037242,-1.954029005996387,-2.1864197334789948
Baseline,0,171,0.16666666666666666,0.18095640596988527,0.14495857063603548,8.15198564672296,-0.714102337226592,-0.6280982507434629,-0.9251950646025477
Baseline,0,172,0.25,0.18191724006153867,0.1603488320113384,8.15198564672296,1.7044259074808874,1.967627033415101,1.834748209080118
Baseline,0,173,0.08333333333333333,0.18133987111335922,0.13287582583144406,8.15198564672296,-1.938469019851155,-1.5245057772803108,-1.839198996991044
Baseline,0,174,0.08333333333333333,0.18227233512693108,0.16725102412153062,8.15198564672296,1.5097973655325811,1.661115998105545,1.7484396667310362
Baseline,0,175,0.16666666666666666,0.18403241488889274,0.21330422977727037,8.15198564672296,2.964370969518675,3.1873955645189174,2.6565560824769356
Baseline,0,176,0.16666666666666666,0.18343223907721384,0.18990831281384166,8.15198564672296,-2.534902589335625,-2.5930018495105474,-2.516071208869429
Baseline,0,177,0.16666666666666666,0.18233638472011363,0.19454232305755256,8.15198564672296,1.039846966406452,1.1093703615618158,0.9509082763989656
Baseline,0,178,0.16666666666666666,0.1830638090862979,0.20441605330605409,-24.03359489798486,0.5340964515141167,0.5616335751068249,0.35115932612309564
Baseline,0,179,0.08333333333333333,0.1841611639157998,0.23641291880988158,8.15198564672296,-1.6144149600990545,-0.9620155708557334,-1.159940628205856
Baseline,0,180,0.16666666666666666,0.1832086199327736,0.18596977300654224,1.0945382453081969,2.7923185561861743,3.0062600650314124,2.980785545979913
Baseline,0,181,0.16666666666666666,0.1819528094621846,0.1483379134557454,-9.773312270532333,-0.16707121054217566,-0.7729803900923997,-0.28570418277001863
Baseline,0,182,0.16666666666666666,0.1842063948347604,0.25155255709949015,8.15198564672296,2.367998806027927,2.2915965600312376,2.1113609400204467
Baseline,0,183,0.16666666666666666,0.18169501457445983,0.13763298675871763,-5.63168109777239,0.4563903377345042,0.48279661427801557,0.26138928457771726
Baseline,0,184,0.16666666666666666,0.1822622891676585,0.15167945079944437,1.4681547617442696,-0.2962093318170247,-0.8229176885064362,-0.7455698895634555
Baseline,0,185,0.16666666666666666,0.1813811062054118,0.13516427646938453,8.15198564672296,-3.128851767957568,-3.6733265204462504,-3.403239478871353
Baseline,0,186,0.5833333333333334,0.18516779362574487,0.25769335587716397,8.15198564672296,-2.2509124517802537,-2.5374037731829056,-2.3767930659813103
Baseline,0,187,0.08333333333333333,0.18116911368314428,0.1371163247579022,5.647496072952958,1.988548567309735,1.8878016888928215,1.7260794949222813
Baseline,0,188,0.08333333333333333,0.18416273599911873,0.21716147626835414,8.15198564672296,0.8829793548656031,0.8737331122072427,0.8441260186486025
Baseline,0,189,0.0,0.18024664325271103,0.08964437452078357,8.15198564672296,0.7606941397914301,0.7652115739098923,0.8907380637747124
Baseline,0,190,0.16666666666666666,0.1850483304064705,0.28010722734713095,8.15198564672296,-1.6221399905087512,-1.3467368029016193,-1.253509846456462
Baseline,0,191,0.3333333333333333,0.1847037207535194,0.23899642381288708,8.15198564672296,1.0371552277898743,1.2352481676726441,1.1759664374321943
Baseline,0,192,0.08333333333333333,0.18300957003006724,0.17379342759296712,1.927031360261065,1.1383910957553809,1.01449193889772,1.1142131138429505
Baseline,0,193,0.16666666666666666,0.18123095008179477,0.13750020939596264,8.15198564672296,1.4021022058595742,1.074635424560719,1.327196192057621
Baseline,0,194,0.25,0.18414754272224446,0.27307021108234447,-12.517126196414598,-3.1720766369650875,-3.59794191973171,-2.7532384427554746
Baseline,0,195,0.4166666666666667,0.18495353816333668,0.26317349732980294,-9.785326434192516,-5.2336501360827015,-4.346594653592277,-5.1770035343664915
Baseline,0,196,0.08333333333333333,0.18049324460974683,0.12583954110041043,-0.567164325727294,1.605604770597111,1.3042398902056362,1.5280412993494252
Baseline,0,197,0.4166666666666667,0.18279234689072607,0.20245362715857015,3.8634788567685057,1.4857426358511105,1.1501918456957014,1.0457422278574597
Baseline,0,198,0.25,0.1865010073793789,0.293159377062535,8.15198564672296,-0.19618487658990172,-0.2168354738734864,-0.18644225838740772
Baseline,0,199,0.4166666666666667,0.18426039843019085,0.213542936265647,8.15198564672296,-3.7491368306654684,-3.7629898215038895,-4.224518729370964
Baseline,0,200,0.3333333333333333,0.18395290826136054,0.2109007557276128,8.15198564672296,0.8437928440379294,0.913919810814463,0.9001324767668946
Baseline,0,201,0.08333333333333333,0.18121530791957766,0.12111910422970185,-10.244542133955509,-0.4321045269334576,-0.3618002966867806,-0.32198142276497776
Baseline,0,202,0.25,0.18307009120674458,0.20110593164619014,8.15198564672296,-1.8319417458265548,-1.9208422277864496,-1.717323255352884
Baseline,0,203,0.25,0.18562394541661678,0.2687738962271981,8.15198564672296,-3.7106912641130734,-3.5836105163740806,-3.6316750163915903
Baseline,0,204,0.16666666666666666,0.18340546134511146,0.2217876155124329,8.15198564672296,-2.514607020723698,-2.794520846747581,-2.3931404734210373
Baseline,0,205,0.08333333333333333,0.18301422877837006,0.17364984051494572,-23.548619457417704,-1.8881186570544202,-1.4101865285671664,-1.3791294597863555
Baseline,0,206,0.16666666666666666,0.1822714611912993,0.15123008897025622,-5.532116645216934,-0.9535088450481481,-0.6195767324469585,-1.0234700561721866
Baseline,0,207,0.16666666666666666,0.18375754490498988,0.23284271937231027,8.15198564672296,-1.7605356393971618,-1.0819270770765073,-1.2738388937055873
Baseline,0,208,0.3333333333333333,0.1855491946732014,0.2525428727878866,8.15198564672296,-1.308621691630556,-1.46431282719946,-1.7730787458000652
Baseline,0,209,0.25,0.18436652237856155,0.21469484593172009,-3.5911597613554456,-1.6947371026888902,-0.9983713312869185,-0.9749332285838079
Baseline,0,210,0.0,0.179585495597971,0.07069121496460631,8.15198564672296,2.6713141408237284,2.79188652563678,2.694737259595196
Baseline,0,211,0.25,0.18529941427978658,0.27147164946935226,-10.05872545164485,-1.1839149484611937,-1.8551734279919572,-1.2885465740412343
Baseline,0,212,0.08333333333333333,0.18092975987260482,0.12248295882100703,-3.1248317470261675,-1.445491494825859,-1.2022718177738625,-1.1433027058973835
Baseline,0,213,0.16666666666666666,0.18190078924906483,0.14292082639356718,8.15198564672296,0.24688567359496005,0.4319815919410459,-0.20756709343063307
Baseline,0,214,0.0,0.18167071475483612,0.17099881975672251,8.15198564672296,-1.798476180751738,-2.05800350813767,-1.6948393229357421
Baseline,0,215,0.16666666666666666,0.18356687830463927,0.2550553929835789,8.15198564672296,-3.5047421163505916,-3.355753225967824,-3.6988612382416832
Baseline,0,216,0.3333333333333333,0.18256957142192823,0.16681688885791843,8.15198564672296,-0.997810483903662,-0.8598798091630443,-0.23462527424226068
Baseline,0,217,0.16666666666666666,0.18477044006623541,0.23056721306693564,8.15198564672296,-3.315732609767754,-2.812000478601369,-2.9182942806240244
Baseline,0,218,0.25,0.18411892228764956,0.22521575188603926,-13.504967684607568,1.0582365128384055,0.9852749645320102,1.1152741152160672
Baseline,0,219,0.08333333333333333,0.18295438384513793,0.1940823492524579,-12.819334122758324,0.3840082908729414,0.31444903547678393,0.3052095890826223
Latent stress,0,0,0.5833333333333334,0.4650353994274649,0.5565256913119229,-14.208160503680427,-0.936994057013095,-1.3188495643847489,-1.3121610268698447
Latent stress,0,1,0.4166666666666667,0.44941506909254186,0.40735366003396106,9.204795458688698,0.53764139750062,-0.04756393314261567,0.21180382494193942
Latent stress,0,2,0.4166666666666667,0.4543167657203618,0.39952755638894594,9.204795458688698,0.7289628729860673,0.3601637943556152,0.2683575198924044
Latent stress,0,3,0.4166666666666667,0.4497804712551316,0.4119380577305452,1.1697876093428814,2.6749900866632146,2.4479535629137246,2.4780799192995175
Latent stress,0,4,0.4166666666666667,0.4541838390196502,0.3976018126682312,-28.043977422641653,-0.9867192361332258,-1.8562809347534142,-1.8946601047150438
Latent stress,0,5,0.16666666666666666,0.43801679465179455,0.21673264704871487,9.204795458688698,2.6870595902766183,3.1474029396368053,3.3267752695779933
Latent stress,0,6,0.25,0.44094976351018694,0.20364869208917735,9.204795458688698,-2.7212087806921588,-1.973681369489121,-1.505615996319527
Latent stress,0,7,0.3333333333333333,0.44511932215248984,0.34036263216483076,6.673138400245085,3.4571658183126743,3.5483491895256805,3.8577199711769197
Latent stress,0,8,0.4166666666666667,0.45306489284510865,0.38114614900400406,9.204795458688698,0.7008970113947524,0.3709639450006811,0.5735659494061133
Latent stress,0,9,0.5,0.45289034035532133,0.4574502180955122,9.204795458688698,-1.8984881486691,-2.1520355876154933,-2.4291977178302098
Latent stress,0,10,0.5833333333333334,0.45833122443389046,0.537722346561733,9.204795458688698,-3.6930533070548677,-2.2532602941498965,-2.398598241126436
Latent stress,0,11,0.25,0.44761486714177234,0.3730323204054126,9.204795458688698,0.4342954489453951,0.33767369176842144,0.26174137323358365
Latent stress,0,12,0.4166666666666667,0.46186279788438106,0.5101271944589746,9.204795458688698,-0.8336916809288912,-0.6531900390589629,-0.8073583143364972
Latent stress,0,13,0.3333333333333333,0.4493441128093327,0.3266333406318038,-8.686284151143392,-1.5210526315673292,-0.5787610914490244,-1.1042475136875254
Latent stress,0,14,0.75,0.4688510208804016,0.6924851492971594,9.204795458688698,-1.3379447983970412,-2.68660684268104,-1.9609997248265287
Latent stress,0,15,0.5,0.4627765205845585,0.6021886096585919,8.551504106077948,0.11657709828965679,0.6202222077659627,0.3210123489951435
Latent stress,0,16,0.4166666666666667,0.4555172370785631,0.4967992091969276,9.204795458688698,2.971407459140096,3.4101562160438306,2.9586584028226213
Latent stress,0,17,0.25,0.4378905492623008,0.22892709099870986,-3.5168117170787614,1.4386109000583787,1.509341277831922,1.779595474822159
Latent stress,0,18,0.5,0.4562176408346275,0.4273365640257327,9.204795458688698,0.8559701351987263,0.2232928833081735,0.37391677419924363
Latent stress,0,19,0.5833333333333334,0.46355044760172487,0.5347686789838483,1.257033064803755,2.241419760867714,2.2786247363826533,2.2514834154870016
Latent stress,0,20,0.6666666666666666,0.4685417279467896,0.6078953576040821,-2.6122763667805433,-4.141223508023359,-3.831309670501554,-3.919068221753207
Latent stress,0,21,0.5,0.46305954760983487,0.527576559235337,8.957911499644501,1.2542910588989322,1.7276855354576135,1.9598762380629466
Latent stress,0,22,0.5,0.4613722603071331,0.5028563055550429,-24.745222416396125,0.20102053125589237,0.2357614559108896,-0.41792929391353084
Latent stress,0,23,0.6666666666666666,0.46274666092968886,0.6035999376833547,9.204795458688698,1.7113394412440335,1.5286367644612064,1.5122626947465032
Latent stress,0,24,0.5833333333333334,0.4636689707122854,0.5365051475481196,9.204795458688698,1.0983933813226774,0.7707492090511533,0.5921841979986096
Latent stress,0,25,0.5833333333333334,0.4631330872264916,0.5286539797649629,9.204795458688698,-0.09892482545537362,0.290650650816346,0.2769106140862103
Latent stress,0,26,0.6666666666666666,0.46125178339517575,0.5793852696725467,9.204795458688698,0.8748559566365648,0.6657275562851241,0.5877435757504434
Latent stress,0,27,0.6666666666666666,0.4648837538647806,0.6324947558100359,9.204795458688698,-0.14819494431489488,0.31138611735487487,-0.06287283355104734
Latent stress,0,28,0.5,0.4586390645399419,0.46281256634436757,9.204795458688698,-0.5131855003060222,-0.822712909042567,-0.7988676506662831
Latent stress,0,29,0.5,0.46293146509745026,0.5257000369660791,-14.490560267138926,-2.0874006495195943,-2.0627841445106156,-1.5168814886426105
Latent stress,0,30,0.5,0.4527878718526814,0.45998706154012486,9.204795458688698,1.0892322777926111,0.17714807186047432,0.5021373786170125
Latent stress,0,31,0.3333333333333333,0.4630531664604063,0.5274830697434204,9.204795458688698,-1.7619900847066108,-1.0011170078244649,-1.5875908327914336
Latent stress,0,32,0.3333333333333333,0.4539981574829171,0.3948191670882928,3.2495254457078655,0.8759007687621221,1.1489722868390402,0.9865377658743881
Latent stress,0,33,0.3333333333333333,0.4485674324071671,0.31525423357073085,9.204795458688698,0.7798491376561859,0.5782586847031441,0.5809494031718021
Latent stress,0,34,0.5,0.4616181614482416,0.5079753397375036,9.204795458688698,0.905094707832503,0.33133912694884077,0.6008613733669883
Latent stress,0,35,0.8333333333333334,0.4811627705132995,0.7929622805453617,0.18054328977404133,-1.9040078874710389,-1.2625593859788609,-1.7934450732977893
Latent stress,0,36,0.0,0.4326412728149655,0.150605963892089,-19.693450458191556,1.484599318757887,1.2496476488931876,1.2548064077415404
Latent stress,0,37,0.5833333333333334,0.45931211888673423,0.5455540660239669,1.1549192239896424,0.9590089093502883,1.4032902435309182,1.0563881242100237
Latent stress,0,38,0.3333333333333333,0.4538156892926202,0.39214584619254383,9.204795458688698,-2.044944845973123,-1.9774700207504794,-1.933567012943839
Latent stress,0,39,0.16666666666666666,0.4522545675120133,0.44616225412038796,-1.37544703817772,-0.47728924329162226,-0.8891287993970849,-0.7818880969137183
Latent stress,0,40,0.5,0.4567579801194625,0.4583331435670695,9.204795458688698,0.12076793074373522,0.1362525578854237,0.2675790488187326
Latent stress,0,41,0.4166666666666667,0.45998493303650667,0.4825307320664252,9.204795458688698,0.8278329552841858,0.6016661950713098,0.4930825647130217
Latent stress,0,42,0.4166666666666667,0.4526195689129424,0.3746216391799875,9.204795458688698,1.3567629916098893,1.517873199614089,1.4614821872052512
Latent stress,0,43,0.3333333333333333,0.4433416909036745,0.31096564152361533,-2.7714625524178675,1.8743912283101452,1.797949901249055,1.706381184000719
Latent stress,0,44,0.6666666666666666,0.4645336599228262,0.6214745114317614,-13.111307343049143,-3.0482880511674466,-2.9322093432181475,-3.3969823516250415
Latent stress,0,45,0.5833333333333334,0.45988217624364963,0.5618542123332698,-9.10666561275101,-7.196079189933357,-6.653579076022254,-7.070333434649342
Latent stress,0,46,0.5,0.45753964281614373,0.44670506416000316,3.011274539947072,2.227876111303871,1.9364099068749283,2.0791030659250396
Latent stress,0,47,0.5,0.4556977163864535,0.46688018314744456,9.204795458688698,-1.0095030477693794,-0.7431256514581728,-0.8959540358953489
Latent stress,0,48,0.4166666666666667,0.4482031154122968,0.32458820291345625,9.204795458688698,-1.812818453865134,-1.2079555890886908,-1.1267397489580055
Latent stress,0,49,0.16666666666666666,0.4377128180878247,0.15622451815342048,0.1366351897881568,0.858388493608544,1.376268786429364,0.8589560060804331
Latent stress,0,50,0.5833333333333334,0.4613959101799186,0.5833823438194815,-26.90231967590568,-4.213326719191102,-5.2395408709746505,-4.8837378865337655
Latent stress,0,51,0.3333333333333333,0.4542551525495045,0.4143020839276594,-30.92433864182552,1.4708240362734273,1.4274574308734742,1.2372525332632165
Latent stress,0,52,0.5,0.45942639315868744,0.474347628069765,-7.379054451804089,-0.336669892122643,-0.9936466370209587,-0.5292567919250217
Latent stress,0,53,0.3333333333333333,0.4500602775288634,0.39853225798410286,9.204795458688698,-1.1330142074159966,0.11953981757108778,-0.42830758194980945
Latent stress,0,54,0.5,0.45811031810588826,0.5332774250227732,9.204795458688698,0.26691465748530246,0.10088145064301916,0.0777509363150164
Latent stress,0,55,0.5,0.4588038025228938,0.5480664350873007,8.246841556533374,1.0854700146879104,1.3439385018376386,1.2432480319073855
Latent stress,0,56,0.5833333333333334,0.46519493544528595,0.5588618826735218,-36.76154511841289,0.25926874510328446,-0.15309200724941263,-0.33192152696382493
Latent stress,0,57,0.4166666666666667,0.4491968585158466,0.4026022215494682,6.974638986515918,-0.33083015088134005,0.3538622410198684,0.08928812656894536
Latent stress,0,58,0.16666666666666666,0.43854647629315396,0.25164114192676484,-4.821733022875714,1.611777886406955,1.3780878813073798,1.2882356821359338
Latent stress,0,59,0.5833333333333334,0.4583239919458099,0.539737668900221,-43.56912876633617,0.5068126244450184,-0.14183164628296652,-0.04591065638362579
Latent stress,0,60,0.4166666666666667,0.45414073195935095,0.4799192971169097,-12.41534101309997,-2.125799233817588,-3.0737304033407042,-2.5898631186826293
Latent stress,0,61,0.4166666666666667,0.4596709302745651,0.4779303134441039,1.914571553632518,0.6791264670832646,0.074429316295749,0.33078808353823774
Latent stress,0,62,0.3333333333333333,0.45640666050348394,0.49197399528913294,7.237507388633096,0.82176300407329,0.8554072513081934,0.8805490624174084
Latent stress,0,63,0.4166666666666667,0.4469812864435853,0.3652963258183965,9.204795458688698,-1.64142519408362,-2.068874860804571,-1.735230289499087
Latent stress,0,64,0.16666666666666666,0.43816961444393243,0.16291698942677027,9.204795458688698,1.3003875455715246,1.3265950847124115,1.2328929757867133
Latent stress,0,65,0.6666666666666666,0.47050218173844754,0.7119921988759934,9.204795458688698,3.2837690225494285,3.495356509857075,3.7953800171490357
Latent stress,0,66,0.08333333333333333,0.43979705151844595,0.18676038424534713,-6.733436957015167,1.0085044046265494,0.9112478189796889,1.0349169325998133
Latent stress,0,67,0.5,0.459569844346912,0.5327885328399808,-16.438823370150338,0.1945314984769766,0.251620575611355,-0.2731625831516311
Latent stress,0,68,0.4166666666666667,0.4537278564005318,0.39088433778873705,9.204795458688698,4.723609745636999,5.05215815782136,4.959553921023577
Latent stress,0,69,0.6666666666666666,0.4635429403559073,0.6159245934580116,9.204795458688698,0.028969390176927543,-0.9124371340024695,-0.7383516461070291
Latent stress,0,70,0.6666666666666666,0.4734949033175502,0.7135433592591068,9.204795458688698,4.172055779050634,4.921415159061784,4.665974773483416
Latent stress,0,71,0.4166666666666667,0.454250743504422,0.4813833096736923,-9.280881118987844,-0.690533482105252,-1.7058359023854592,-0.9309668268283389
Latent stress,0,72,0.25,0.44312502868798315,0.3054982382698293,0.16574486652307563,-0.4503263799497006,-0.40581311510359797,-0.143784694979459
Latent stress,0,73,0.5833333333333334,0.4640588839085593,0.6231359829048003,-35.93184553840705,-4.225645316375932,-4.6483449432060695,-4.002351261402808
Latent stress,0,74,0.5833333333333334,0.45866115570169086,0.5429076871647421,9.204795458688698,0.26803732365587507,0.36649103456047527,0.7855166928295603
Latent stress,0,75,0.5833333333333334,0.46433390908830147,0.6269990692828132,-24.63299917629609,-2.927201335751306,-2.773790500425875,-2.6649469391211937
Latent stress,0,76,0.5833333333333334,0.4598755205708167,0.555466469072104,-31.107283976469027,0.568667029221487,0.08939828477966216,0.27721034681238166
Latent stress,0,77,0.3333333333333333,0.45411993511366,0.39660331694762624,6.0352443555788735,3.503450277299507,3.974350133804947,3.6650130108005072
Latent stress,0,78,0.3333333333333333,0.44832075956383693,0.31213853889005255,9.204795458688698,0.7827597546421983,1.6255933649603542,1.0544715722116962
Latent stress,0,79,0.4166666666666667,0.45620084055066323,0.42709042498300315,-35.508550287024285,-1.3484334204466961,-1.8858435937631555,-1.7949126384511658
Latent stress,0,80,0.25,0.43764052371122625,0.23607196600534963,-0.03755413189497325,1.663789648725995,1.552581273406247,1.8343828316194788
Latent stress,0,81,0.5,0.4544303229046944,0.47765917147642356,-9.414941991348835,-0.9803180529160898,-1.653562006395802,-1.299603811245504
Latent stress,0,82,0.6666666666666666,0.47386405888656363,0.688003058586062,-9.088303074046701,-1.6487152104349292,-1.6946439578434394,-1.508823297986325
Latent stress,0,83,0.4166666666666667,0.45034174363469776,0.4135814832217009,-9.185480662625475,-4.712851213303665,-4.740334391464245,-5.481562938160337
Latent stress,0,84,0.5833333333333334,0.45927651870018377,0.5524107735069282,7.392417937518649,3.7009115002207302,3.92248224507647,3.5855232233032446
Latent stress,0,85,0.25,0.44875850646626425,0.31805363780084694,9.204795458688698,-2.7236320959250135,-2.325663658843175,-2.1398959439869873
Latent stress,0,86,0.5833333333333334,0.4625698032441697,0.599599056423955,9.204795458688698,-1.3623977935454292,-1.4699878415909449,-1.7883430760793222
Latent stress,0,87,0.5,0.45581097715914937,0.5023084875490068,-11.929116454884104,1.934148481503172,1.4690230696853632,1.9469210492454465
Latent stress,0,88,0.3333333333333333,0.44270308038230466,0.30805874988816256,-2.867351926852857,-0.44652999815534145,-0.467422739112493,-0.661502229764551
Latent stress,0,89,0.25,0.4488114179124341,0.31882883735922485,9.204795458688698,-1.3697232286764276,-0.6496465567133214,-0.7753611521047574
Latent stress,0,90,0.4166666666666667,0.4589367390677506,0.4671737618739085,-33.5072341785065,0.21207212863114933,-0.19889676161824354,-0.119823672404479
Latent stress,0,91,0.8333333333333334,0.47447597755652837,0.775859809150548,-1.7128974237301495,-8.172315295025115,-6.884856367533715,-7.856453168441206
Latent stress,0,92,0.25,0.4481484408647687,0.30911563630789235,9.204795458688698,1.7184304458543886,1.4572519780520248,1.4337561058592458
Latent stress,0,93,0.5833333333333334,0.4647501159651521,0.5523457381257494,9.204795458688698,-1.230004979779473,-1.3548501493375922,-1.2984911214131296
Latent stress,0,94,0.5,0.4578146956801828,0.4507348322757545,9.204795458688698,-0.05743517821267341,-0.037153267998926265,-0.13313160173780725
Latent stress,0,95,0.4166666666666667,0.45440072171086787,0.48159251589145446,-13.824316714644292,-1.9635230091224258,-1.416784033413208,-1.412337726803159
Latent stress,0,96,0.3333333333333333,0.4500171164393363,0.41587502765620576,9.204795458688698,1.822480926377698,1.3044953142148334,1.2420991715699776
Latent stress,0,97,0.25,0.43962224383196186,0.2619740781792291,-3.447688353282894,0.07704768438335918,0.07647793322662721,0.032292375685329944
Latent stress,0,98,0.5,0.45621735902233196,0.4273324352323471,-14.527199769623104,-0.33677894989348545,-0.44783191164545144,-0.6303535940033527
Latent stress,0,99,0.25,0.4422197612734374,0.22225522833100753,-24.30355478520405,0.18772902316601403,-0.020972550459887884,-0.34127771175063515
Latent stress,0,100,0.3333333333333333,0.45190354944246564,0.44450318919207527,8.086795102992829,0.6727807537416073,1.6038178853895317,0.8978134864780074
Latent stress,0,101,0.3333333333333333,0.4448623343811838,0.2609712653020741,9.204795458688698,0.740595788428094,0.3987165842175237,0.6539980981038297
Latent stress,0,102,0.16666666666666666,0.44239317020275143,0.22479582276741147,-6.9643817156536105,0.818881991377097,1.2784476750079108,0.9866210459925924
Latent stress,0,103,0.25,0.4434518230727955,0.3191653786593787,-3.311194745491216,-0.6931085292286099,-0.6538869571487567,-0.7926672726353416
Latent stress,0,104,0.4166666666666667,0.45278697277166063,0.37707423782104416,9.204795458688698,3.5705162275106233,3.8395530839741623,3.430430159122599
Latent stress,0,105,0.75,0.46964903593006996,0.7066371176951157,0.8177650227234405,-0.8301188764588403,-0.27658420131611905,-0.1554389016165345
Latent stress,0,106,0.3333333333333333,0.44628648917357266,0.28183639460843907,9.204795458688698,4.029599860712494,4.4166635569938855,4.284479491418132
Latent stress,0,107,0.08333333333333333,0.4274596436767993,0.08237453898477906,9.204795458688698,-0.10912167838553777,-0.14999156290767868,0.2814893977699726
Latent stress,0,108,0.4166666666666667,0.45035324404625804,0.341417956059304,-19.73702273648245,0.15102163551536307,-0.21521589427173637,-0.13736915539666938
Latent stress,0,109,0.6666666666666666,0.4684768889505116,0.6865375274591669,-27.075891219189224,-0.2453512225723813,-0.013029242494695836,-0.42891933711840124
Latent stress,0,110,0.5,0.45438879840337204,0.4791984394855649,9.204795458688698,-0.19049728350442519,-0.08946159667597087,-0.23519275558088948
Latent stress,0,111,0.5833333333333334,0.4600003739669669,0.5659458277133859,9.204795458688698,-8.16962154773421,-7.033766238046169,-7.584141283384469
Latent stress,0,112,0.3333333333333333,0.45286992538230053,0.378289567051091,9.204795458688698,0.7868836265726813,1.0137451364373877,1.4413937977898899
Latent stress,0,113,0.5,0.4585452193474672,0.5409253324987143,-2.1336350038021354,-1.773234254032559,-1.2401918474241853,-1.8265530102102616
Latent stress,0,114,0.3333333333333333,0.4494438175935062,0.33422385354045586,9.204795458688698,-3.068914303254042,-3.266348386005094,-3.246856623440281
Latent stress,0,115,0.4166666666666667,0.4605801832160499,0.4912516745034294,9.204795458688698,0.612645191440403,0.2969359419995115,0.3733987967442608
Latent stress,0,116,0.4166666666666667,0.4492567328400283,0.4006923059638425,-22.247589712585942,-0.8879434632312098,-1.4175302445756301,-0.7432291405870899
Latent stress,0,117,0.16666666666666666,0.4444360526785516,0.25472824605803607,9.204795458688698,0.0382612527830254,-0.09122558441686342,-0.36071008878023453
Latent stress,0,118,0.3333333333333333,0.4586722567164432,0.46329886113364943,-15.334471628015274,0.6473586941680196,0.5280165989971692,0.4347100372520032
Latent stress,0,119,0.5,0.45965062706080856,0.4776328533750724,-3.9493821387192245,0.3298201804870331,0.40053317569913816,0.3687729282421799
Latent stress,0,120,0.5,0.4517481124789435,0.44111032454637256,9.204795458688698,0.14732272707717997,1.1226223487223592,0.7690465386108118
Latent stress,0,121,0.75,0.4695941951752452,0.7010522139974601,9.204795458688698,-0.13749510660205855,-0.5591585153933487,-0.5984865607373886
Latent stress,0,122,0.4166666666666667,0.45500840431194395,0.4096201777574608,-1.2056888145603981,0.1725582574897686,-0.0492184588965614,-0.1833809743414463
Latent stress,0,123,0.75,0.46816602636000487,0.6540420155048422,6.618446851220844,2.851134441428357,3.2206615426291734,3.2353201683911834
Latent stress,0,124,0.5,0.45950015120178334,0.4754282487402186,9.204795458688698,-1.0758097369712871,-0.9031748280608625,-1.1023569587545268
Latent stress,0,125,0.25,0.44356025370926383,0.2418946300009263,3.1504289479162875,1.968845767879948,2.396067661178485,1.923515546812716
Latent stress,0,126,0.5,0.4537270242551695,0.4703540031213433,9.204795458688698,0.6513659821452453,0.45450846660073907,0.7950147600595834
Latent stress,0,127,0.25,0.4416723990541956,0.2956313912319019,-33.53845699113918,-2.4859565241449957,-2.962544287369141,-3.0255915045419215
Latent stress,0,128,0.3333333333333333,0.4518398567057835,0.4374723999072938,9.204795458688698,2.8365034993546914,2.6859972783232777,2.904276659230135
Latent stress,0,129,0.6666666666666666,0.464507600552399,0.6297202070294554,9.204795458688698,2.6840604725650454,2.733186729549018,2.669868408572773
Latent stress,0,130,0.3333333333333333,0.4531621831744266,0.3825714026044252,1.0653283352716212,0.06913854551392262,0.24559753500572867,0.23434533100777344
Latent stress,0,131,0.5833333333333334,0.46539507210549796,0.6368515932679714,9.204795458688698,-0.9659800914669238,-1.1392470662201555,-1.311607492066109
Latent stress,0,132,0.25,0.4416465491826303,0.2936616885838511,1.5685480727587073,2.1354145194743523,2.2543104387420527,2.154775094181119
Latent stress,0,133,0.4166666666666667,0.4485554611132265,0.39195414965315045,-3.061332367480569,0.7677351896098088,0.8076524487538421,0.3324509746235407
Latent stress,0,134,0.5833333333333334,0.46352878182451346,0.5344512563393499,9.204795458688698,-0.24539497058842263,-0.12196094379790234,0.053863622633529396
Latent stress,0,135,0.4166666666666667,0.4521855111598738,0.3682622923992296,4.307802727707019,-0.9200775782488648,-0.6905409341409836,-0.36810654305229207
Latent stress,0,136,0.25,0.43827175513464384,0.23876270362582588,9.204795458688698,0.596352539888627,0.5054957128575437,0.30554947559923734
Latent stress,0,137,0.5833333333333334,0.4646201855591041,0.5504412876945964,9.204795458688698,1.7632558742320574,1.4413202705188324,1.567275568401172
Latent stress,0,138,0.4166666666666667,0.45351937603078657,0.3878045943719863,-10.108775835427958,-0.19825665279061866,-0.6045334518257164,-0.5178993342585017
Latent stress,0,139,0.5,0.45379959881359383,0.4729719309291032,9.204795458688698,1.4285605685281078,0.8051608913860193,1.1051424912503665
Latent stress,0,140,0.4166666666666667,0.45254350132194804,0.45296605253258665,9.204795458688698,-1.1451840522611292,-0.6075884579654822,-0.9653703386811969
Latent stress,0,141,0.3333333333333333,0.44880623368098727,0.32996473478469884,-32.75246232273326,0.5819167697021328,-0.98079259101236,0.030112270007023767
Latent stress,0,142,0.25,0.4385404234251224,0.2403703321466318,5.73581706030186,-0.6022231037002967,0.3639321570174303,0.1305956194343878
Latent stress,0,143,0.3333333333333333,0.45498508469267224,0.40933530435422444,-8.224254947505196,-0.5390231760158457,-0.803520470541983,-0.8309573931465764
Latent stress,0,144,0.5,0.4687629781050621,0.6111369819278399,7.975986332478234,3.6660001256948007,4.314891668224149,4.250832901188453
Latent stress,0,145,0.3333333333333333,0.4539985340136574,0.4045276199601306,9.204795458688698,0.7077136196366922,1.5864288610675699,1.1392395333440053
Latent stress,0,146,0.5,0.45807651398629085,0.4545707023938855,9.204795458688698,0.04054473569471995,-0.058516702400245535,-0.25549786303402655
Latent stress,0,147,0.6666666666666666,0.46503165198298757,0.6375988789424442,9.204795458688698,-5.12800540920189,-4.975332097772653,-5.268333600221628
Latent stress,0,148,0.4166666666666667,0.4508059934462602,0.4273529415431118,-14.383969746432024,1.4403696929167609,1.6021431422453531,1.4808593700277157
Latent stress,0,149,0.25,0.44206799771178423,0.298431321982645,9.204795458688698,-1.2496214945189121,-1.834439703890638,-1.6977662076313007
Latent stress,0,150,0.4166666666666667,0.45884324922928976,0.46580405292180416,9.204795458688698,0.09576682098865309,-0.5925382920529669,-0.4585370613376933
Latent stress,0,151,0.5,0.45775207711516047,0.4498174148270672,9.204795458688698,2.8656734974026232,2.9359567140087215,2.960359017426896
Latent stress,0,152,0.3333333333333333,0.44281611855947706,0.3109734080975202,6.981288085700163,2.379533770191827,3.1323554099497173,2.853321556777942
Latent stress,0,153,0.6666666666666666,0.4703451232193599,0.6343166958949547,-27.894877030462276,-1.4431125805022305,-1.5929151155429082,-1.5595567508218124
Latent stress,0,154,0.4166666666666667,0.44787847632804695,0.3815243763461267,8.168953249390716,3.9839825817412446,4.090663797258998,4.049151925845038
Latent stress,0,155,0.4166666666666667,0.4542378229930737,0.4791765453104703,-16.010717723175354,1.0239454677601856,0.59588564944616,0.4191383396343582
Latent stress,0,156,0.6666666666666666,0.4673759672549642,0.5915359481031692,9.204795458688698,-9.41036720040168,-9.240548534662878,-8.53168760000905
Latent stress,0,157,0.4166666666666667,0.4537105325914093,0.3906052073225372,3.646099709607517,1.1046509951231513,1.499121104386802,1.3148393797484488
Latent stress,0,158,0.4166666666666667,0.4558220195836676,0.5020183494323451,-23.635365820084296,-0.5071916998551416,-1.2053081017551648,-0.9054965582367345
Latent stress,0,159,0.6666666666666666,0.4616218877682063,0.5874124176712698,3.245012660876375,-1.0519697741716243,-0.8558812045903323,-0.9380037739535112
Latent stress,0,160,0.25,0.44156589810039965,0.2132893936903957,9.204795458688698,1.1904113491158492,1.1043768287469922,1.0767703866387892
Latent stress,0,161,0.5,0.45006117935894485,0.41851702588082573,9.204795458688698,-0.7510295810871822,-0.6135841878441033,-0.30348304729395226
Latent stress,0,162,0.25,0.44247420425010175,0.2259830433392989,9.204795458688698,-1.8693172259699509,-2.220756975904308,-2.169582349054309
Latent stress,0,163,0.5833333333333334,0.4628331932962204,0.5242602680232729,5.63440927635016,0.3083468602564423,0.4150100892751567,0.37854557924580945
Latent stress,0,164,0.4166666666666667,0.4539231978158056,0.40469077685698207,-3.6742192070711557,-1.7074109543437146,-1.3683770148327596,-1.6125470402158157
Latent stress,0,165,0.3333333333333333,0.4466807086677405,0.28761506999101905,7.801866298135499,0.4615790065664367,0.4345553559026136,0.7139568302403916
Latent stress,0,166,0.4166666666666667,0.45375109284367615,0.3912005659923568,-1.087519087779933,1.6441512775399616,1.524431287846511,1.8165864865002135
Latent stress,0,167,0.6666666666666666,0.4741515366480451,0.6967624798767006,-61.000461501941906,-0.8623936941541501,-2.113201370205914,-2.0221381525419844
Latent stress,0,168,0.75,0.4753960253870497,0.7083168870299881,9.204795458688698,0.7943268149728718,-0.043574594464716065,-0.07072859866962652
Latent stress,0,169,0.5833333333333334,0.4642373345350155,0.6170872846882488,9.204795458688698,0.9256167897589895,0.31015932509574623,0.641232696308939
Latent stress,0,170,0.25,0.44822454673006434,0.3102306546566619,-10.53557121531747,0.4501905015577279,-0.04523103782378257,-0.1526757548237896
Latent stress,0,171,0.3333333333333333,0.4549568307053746,0.40886457873436693,-14.630194773752644,-1.384970547552797,-1.545685972458628,-1.278576065019024
Latent stress,0,172,0.5833333333333334,0.4582040524811582,0.5345923898347846,9.204795458688698,0.25751820832654637,0.450897785400624,0.3545183210754477
Latent stress,0,173,0.5,0.4667190255892495,0.6625332051699506,3.563439517620699,0.9743286356341798,1.3054600065539148,0.9759686837164736
Latent stress,0,174,0.5,0.4628726720827288,0.5248388296068159,8.928535707093351,1.699385622428366,2.4556940264810834,1.8157547998878414
Latent stress,0,175,0.4166666666666667,0.4542572231741548,0.39863588977172326,3.85900133204567,0.36160078068895984,0.34283684056519803,0.5515969251737403
Latent stress,0,176,0.4166666666666667,0.4454772083789777,0.31862354970400625,9.095832618945485,2.4737460667253117,2.550973711638875,2.0178010885251894
Latent stress,0,177,0.3333333333333333,0.4428676163506833,0.31027356301377745,2.5485409360477487,1.9313161813135764,1.7999491297657215,2.224643358582469
Latent stress,0,178,0.4166666666666667,0.4568630881014544,0.4367929382594686,9.204795458688698,-1.1073262036476919,-1.339378803361779,-1.1415006679799444
Latent stress,0,179,0.5,0.4544091952401447,0.46675150064615156,2.0019329363809586,-4.226805415946316,-3.1519194198634466,-3.6598183265883506
Latent stress,0,180,0.5833333333333334,0.46526240254938905,0.559850335514856,-50.07584129660733,-1.5093743999362061,-2.8485704593005607,-2.4400468804789313
Latent stress,0,181,0.6666666666666666,0.46446002370498185,0.6291452680642186,9.204795458688698,0.7990991020220308,-0.030382190240763052,0.5221023532215634
Latent stress,0,182,0.16666666666666666,0.43805662943625695,0.16126165897573538,2.9889050161153303,1.8989275991094132,1.665893205182627,1.646589963404267
Latent stress,0,183,0.08333333333333333,0.4445700588402282,0.25668919409517005,9.204795458688698,-0.19837670247572592,-0.20110439112650824,0.28931617482170324
Latent stress,0,184,0.5,0.459994716851659,0.4826740736254698,9.204795458688698,1.8176714291683993,2.5107600742614125,2.473729998686977
Latent stress,0,185,0.3333333333333333,0.44537605470475145,0.3440139523130879,-14.960834041221739,-0.5872486933053693,-0.525833668141857,-0.7910945594274637
Latent stress,0,186,0.4166666666666667,0.44826788793040045,0.39380143966448894,9.204795458688698,0.8331981551127489,1.0329568182576723,0.509782792538852
Latent stress,0,187,0.4166666666666667,0.45230498765585425,0.3700127560578253,9.204795458688698,2.0624517965198423,2.128829959643683,2.207258787321101
Latent stress,0,188,0.3333333333333333,0.4520743007958923,0.44660076908314705,9.204795458688698,2.515682269122067,2.5703179455002854,2.891078184121497
Latent stress,0,189,0.25,0.4448885056887674,0.26135469814221607,9.204795458688698,-0.09772140297133187,-0.5139743840714358,-0.6157000923083275
Latent stress,0,190,0.5,0.4621198670866644,0.5138094071480722,8.711677750881085,-2.963107727156981,-0.35408972621168644,-1.4884859477138157
Latent stress,0,191,0.3333333333333333,0.45266319338589117,0.45280577451939613,9.204795458688698,1.8120961896976113,1.680240109287498,1.757402734336027
Latent stress,0,192,0.3333333333333333,0.44708558085520894,0.37253907990089846,9.204795458688698,1.2996540930466294,1.7968446502185618,1.9464961873824977
Latent stress,0,193,0.5833333333333334,0.46430695340261113,0.5469030236599383,9.204795458688698,2.3076811436440474,2.458745443295759,2.6170194748073587
Latent stress,0,194,0.5833333333333334,0.4607346616604437,0.5706237234560607,-12.646046235666853,-0.44525542618113434,-0.38976173937048486,-0.1595758052907854
Latent stress,0,195,0.5,0.45984587047422876,0.48049406654367255,9.204795458688698,0.008579993710187325,-0.4639668046916898,-0.47419775583368473
Latent stress,0,196,0.5833333333333334,0.4588350421434894,0.5441575061946361,9.204795458688698,1.2571228904332747,1.7525192777001,1.0475979241636844
Latent stress,0,197,0.5,0.4692652032686744,0.6184949119628084,9.204795458688698,0.08444693110736867,0.15087165714114262,-0.13054548384880538
Latent stress,0,198,0.4166666666666667,0.4514290193587383,0.4383262810454327,9.204795458688698,-0.8046666497497642,-0.6805738196544118,-0.6992621512594774
Latent stress,0,199,0.5,0.45385440037069996,0.47265121442245106,9.204795458688698,-0.164600932022639,-0.6670071417842679,-0.8195001978139126
Latent stress,0,200,0.5833333333333334,0.4582629035194022,0.5003748650163714,9.204795458688698,-2.6981546852457243,-2.9350350984752143,-2.5809914156948777
Latent stress,0,201,0.6666666666666666,0.4639601144483494,0.6223895011973785,7.804026590637383,-0.6526153481591166,-0.08162495989417096,-0.3885229607131464
Latent stress,0,202,0.6666666666666666,0.46931642504720333,0.7004051215119281,-20.563480612525147,-1.037644133145733,-1.600285152619108,-1.694763769356328
Latent stress,0,203,0.4166666666666667,0.44873055203012385,0.4009195799205985,9.204795458688698,-4.234938169311558,-5.024665286547183,-4.043220006958347
Latent stress,0,204,0.08333333333333333,0.4412638174776433,0.20824986298842754,-18.49967930415516,0.1915207144031683,0.06617501788274183,-0.12603999519662068
Latent stress,0,205,0.3333333333333333,0.4453341721200521,0.34874981626210144,9.204795458688698,-0.3087924835124909,-0.9186932769362457,-0.45644026135153126
Latent stress,0,206,0.6666666666666666,0.4662307744690024,0.5740378419764905,9.204795458688698,0.47602491293231486,-0.17184994459799446,-0.41343368658548013
Latent stress,0,207,0.3333333333333333,0.44648723695994685,0.29799542355817654,8.813744123221317,3.957107200622815,4.1514365014609425,4.124476946436914
Latent stress,0,208,0.6666666666666666,0.46482532680485894,0.6062581355616332,-22.694461976593054,-1.0712914192546066,-1.4539588295562993,-1.665760543670416
Latent stress,0,209,0.5,0.4587360290647527,0.5297446275621845,9.204795458688698,-4.707929804677455,-4.5210185394920295,-4.597986954470102
Latent stress,0,210,0.3333333333333333,0.44809101210754165,0.3878862544180812,2.1955554655039915,-0.6158371004076457,-0.5009051291223869,-0.327990724853251
Latent stress,0,211,0.5,0.45907650921771426,0.47939883011310097,9.204795458688698,-2.2623641966000667,-2.3781606713467003,-2.4067783959226845
Latent stress,0,212,0.4166666666666667,0.45382003438290025,0.3922095055708367,9.204795458688698,0.009184994207983157,0.015687675437406165,-0.024727113175507465
Latent stress,0,213,0.3333333333333333,0.4466295549900597,0.2868626136943745,9.204795458688698,0.9961030158884361,0.9448658539729164,1.02601071364173
Latent stress,0,214,0.3333333333333333,0.44755686492100977,0.372593555600971,9.204795458688698,5.018750242732644,4.996561301940709,5.367403235520911
Latent stress,0,215,0.4166666666666667,0.45396303985900804,0.39430466247825713,9.204795458688698,-0.4464372804326353,-0.17588516736144277,-0.39192168414998285
Latent stress,0,216,0.25,0.45468547470440956,0.40488897293754444,2.5720476459836785,2.6556670956458532,2.9060532306801576,2.9445958101909895
Latent stress,0,217,0.5,0.45981516785047766,0.4800572686499633,9.204795458688698,1.1749656904634733,1.4960880830838512,1.1976923579695082
Latent stress,0,218,0.4166666666666667,0.4540760734374591,0.3961669119560311,0.03990427611993219,-0.6606345003526712,-0.17229248072119674,-0.45235306882308635
Latent stress,0,219,0.25,0.44726229998616684,0.375998896867608,3.8761967722005917,3.539018161372468,3.655102514979049,3.559590113317782
